clause_mix.cnf	vars=6	clausulas=4	soluciones=37	orden=cadena	ventanas=104	natural_ok=104	algun_orden_ok=104	fantasmas_max_natural=0	helly4_pins=250	helly4_fallos=0	ventana_helly4_fallos=0	ventana_fantasmas=0
parity4.cnf	vars=5	clausulas=8	soluciones=8	orden=cadena	ventanas=48	natural_ok=48	algun_orden_ok=48	fantasmas_max_natural=0	helly4_pins=138	helly4_fallos=0	ventana_helly4_fallos=0	ventana_fantasmas=0
clause_mix_sep.cnf	vars=9	clausulas=4	soluciones=296	orden=cadena	ventanas=104	natural_ok=104	algun_orden_ok=104	fantasmas_max_natural=0	helly4_pins=250	helly4_fallos=1	ventana_helly4_fallos=0	ventana_fantasmas=0
   primer fallo de Helly4 (σ, nodo de σ, tres nodos (paso, ventana)): (21, (0, 1, 0), (9, (1, 1, 0)), (13, (0, 1, 0)), (19, (0, 1, 0)))
chain4_cross.cnf	vars=9	clausulas=4	soluciones=280	orden=cadena	ventanas=393	natural_ok=393	algun_orden_ok=393	fantasmas_max_natural=0	helly4_pins=738	helly4_fallos=19	ventana_helly4_fallos=18	ventana_fantasmas=0
   primer fallo de Helly4 con la ventana entera: (22, (1, 0, 0), (3, (0, 1, 0)), (9, (0, 1, 0)), (17, (0, 1, 0)))
   primer fallo de Helly4 (σ, nodo de σ, tres nodos (paso, ventana)): (20, (0, 0, 0), (5, (0, 1, 0)), (9, (0, 1, 0)), (15, (0, 1, 0)))
parity_use.cnf	vars=9	clausulas=9	soluciones=112	orden=cadena	ventanas=76	natural_ok=76	algun_orden_ok=76	fantasmas_max_natural=0	helly4_pins=190	helly4_fallos=2	ventana_helly4_fallos=4	ventana_fantasmas=0
   primer fallo de Helly4 con la ventana entera: (22, (1, 0, 0), (5, (1, 1, 0)), (7, (0, 0, 1)), (11, (0, 1, 0)))
   primer fallo de Helly4 (σ, nodo de σ, tres nodos (paso, ventana)): (20, (0, 0, 0), (5, (0, 1, 0)), (7, (0, 1, 0)), (11, (0, 0, 1)))
clause_mix.cnf	vars=6	clausulas=4	soluciones=37	orden=inversa	ventanas=105	natural_ok=105	algun_orden_ok=105	fantasmas_max_natural=0	helly4_pins=297	helly4_fallos=0	ventana_helly4_fallos=0	ventana_fantasmas=0
parity4.cnf	vars=5	clausulas=8	soluciones=8	orden=inversa	ventanas=48	natural_ok=48	algun_orden_ok=48	fantasmas_max_natural=0	helly4_pins=142	helly4_fallos=0	ventana_helly4_fallos=0	ventana_fantasmas=0
clause_mix_sep.cnf	vars=9	clausulas=4	soluciones=296	orden=inversa	ventanas=105	natural_ok=105	algun_orden_ok=105	fantasmas_max_natural=0	helly4_pins=297	helly4_fallos=0	ventana_helly4_fallos=0	ventana_fantasmas=0
chain4_cross.cnf	vars=9	clausulas=4	soluciones=280	orden=inversa	ventanas=393	natural_ok=393	algun_orden_ok=393	fantasmas_max_natural=0	helly4_pins=1011	helly4_fallos=1	ventana_helly4_fallos=18	ventana_fantasmas=0
   primer fallo de Helly4 con la ventana entera: (28, (1, 0, 1), (1, (0, 0, None)), (5, (0, 1, 0)), (9, (0, 1, 0)))
   primer fallo de Helly4 (σ, nodo de σ, tres nodos (paso, ventana)): (29, (1, 0, 0), (1, (0, 0, None)), (5, (0, 1, 0)), (9, (0, 1, 0)))
parity_use.cnf	vars=9	clausulas=9	soluciones=112	orden=inversa	ventanas=175	natural_ok=175	algun_orden_ok=175	fantasmas_max_natural=0	helly4_pins=517	helly4_fallos=0	ventana_helly4_fallos=7	ventana_fantasmas=0
   primer fallo de Helly4 con la ventana entera: (46, (1, 0, 0), (1, (0, 0, None)), (5, (0, 1, 0)), (11, (0, 0, 1)))
