chain4_cross.cnf	orden=cadena	grafo=P0	ventanas=393	con_fantasmas=18	fantasmas=924	sin_sep=0	regla_ok=18	algun_sep=18	sep_malo=36	lam_ok=168	lam_ok_no_sep=36	pares_sep=12576	pares_sep_sobrevive=3924	fantasma_muere_por_sep=924	sep_vacio=96
   cláusula, ventana, fantasmas, λ que separan todos, λ que funcionan: (0, (0, 0, 1), 132, [11, 12, 13, 14, 15, 16, 17, 18, 24, 25, 26, 27, 28, 29], [15, 16, 27, 28, 29])
   cláusula, ventana, fantasmas, λ que separan todos, λ que funcionan: (1, (0, 0, 1), 16, [15, 16, 17, 18, 30], [9, 10, 15, 16, 17, 18, 27, 28, 29, 30, 31, 32])
   cláusula, ventana, fantasmas, λ que separan todos, λ que funcionan: (1, (0, 1, 1), 32, [15, 16, 17, 18, 30], [15, 16, 17, 18, 27, 28, 29, 30, 31, 32])
   cláusula, ventana, fantasmas, λ que separan todos, λ que funcionan: (1, (1, 0, 1), 32, [15, 16, 17, 18, 30], [15, 16, 17, 18, 27, 28, 29, 30, 31, 32])
parity_use.cnf	orden=cadena	grafo=P0	ventanas=76	con_fantasmas=4	fantasmas=64	sin_sep=0	regla_ok=4	algun_sep=4	sep_malo=88	lam_ok=92	lam_ok_no_sep=0	pares_sep=2880	pares_sep_sobrevive=1408	fantasma_muere_por_sep=64	sep_vacio=64
   cláusula, ventana, fantasmas, λ que separan todos, λ que funcionan: (0, (0, 0, 1), 16, [0, 1, 2, 3, 4, 5, 6, 7, 8, 9, 10, 13, 14, 15, 16, 17, 18, 19, 20, 21, 23, 24, 25, 26, 27, 28, 29, 30, 31, 32, 33, 34, 35, 36, 37, 38, 39, 40, 41, 42, 43, 44, 45, 46, 47], [3, 4, 9, 10, 13, 14, 15, 16, 33, 34, 35, 36, 37, 38, 39, 40, 41, 42, 43, 44, 45, 46, 47])
   cláusula, ventana, fantasmas, λ que separan todos, λ que funcionan: (0, (0, 1, 0), 16, [0, 1, 2, 3, 4, 5, 6, 7, 8, 9, 10, 13, 14, 15, 16, 17, 18, 19, 20, 21, 23, 24, 25, 26, 27, 28, 29, 30, 31, 32, 33, 34, 35, 36, 37, 38, 39, 40, 41, 42, 43, 44, 45, 46, 47], [3, 4, 9, 10, 13, 14, 15, 16, 33, 34, 35, 36, 37, 38, 39, 40, 41, 42, 43, 44, 45, 46, 47])
   cláusula, ventana, fantasmas, λ que separan todos, λ que funcionan: (0, (1, 0, 0), 16, [0, 1, 2, 3, 4, 5, 6, 7, 8, 9, 10, 13, 14, 15, 16, 17, 18, 19, 20, 21, 23, 24, 25, 26, 27, 28, 29, 30, 31, 32, 33, 34, 35, 36, 37, 38, 39, 40, 41, 42, 43, 44, 45, 46, 47], [3, 4, 9, 10, 13, 14, 15, 16, 33, 34, 35, 36, 37, 38, 39, 40, 41, 42, 43, 44, 45, 46, 47])
   cláusula, ventana, fantasmas, λ que separan todos, λ que funcionan: (0, (1, 1, 1), 16, [0, 1, 2, 3, 4, 5, 6, 7, 8, 9, 10, 13, 14, 15, 16, 17, 18, 19, 20, 21, 23, 24, 25, 26, 27, 28, 29, 30, 31, 32, 33, 34, 35, 36, 37, 38, 39, 40, 41, 42, 43, 44, 45, 46, 47], [3, 4, 9, 10, 13, 14, 15, 16, 33, 34, 35, 36, 37, 38, 39, 40, 41, 42, 43, 44, 45, 46, 47])
chain4_cross.cnf	orden=inversa	grafo=P0	ventanas=393	con_fantasmas=18	fantasmas=812	sin_sep=0	regla_ok=18	algun_sep=18	sep_malo=28	lam_ok=184	lam_ok_no_sep=52	pares_sep=11432	pares_sep_sobrevive=4524	fantasma_muere_por_sep=812	sep_vacio=168
   cláusula, ventana, fantasmas, λ que separan todos, λ que funcionan: (2, (1, 0, 1), 40, [13, 14, 23], [11, 12, 13, 14, 21, 22, 23, 24, 25, 26])
   cláusula, ventana, fantasmas, λ que separan todos, λ que funcionan: (2, (1, 1, 1), 40, [13, 14, 23], [11, 12, 13, 14, 21, 22, 23, 24, 25, 26])
   cláusula, ventana, fantasmas, λ que separan todos, λ que funcionan: (2, (1, 0, 1), 40, [13, 14, 23], [11, 12, 13, 14, 21, 22, 23, 24, 25, 26])
   cláusula, ventana, fantasmas, λ que separan todos, λ que funcionan: (2, (1, 1, 1), 40, [13, 14, 23], [11, 12, 13, 14, 21, 22, 23, 24, 25, 26])
parity_use.cnf	orden=inversa	grafo=P0	ventanas=175	con_fantasmas=7	fantasmas=2528	sin_sep=0	regla_ok=7	algun_sep=7	sep_malo=35	lam_ok=196	lam_ok_no_sep=0	pares_sep=95360	pares_sep_sobrevive=32864	fantasma_muere_por_sep=2528	sep_vacio=1728
   cláusula, ventana, fantasmas, λ que separan todos, λ que funcionan: (8, (0, 0, 1), 384, [13, 14, 15, 16, 17, 18, 19, 20, 32, 33, 34, 35, 36, 37, 38, 39, 40, 41, 42, 43, 44, 45], [17, 18, 19, 20, 21, 22, 23, 24, 25, 26, 27, 28, 29, 30, 31, 32, 33, 34, 35, 36, 37, 38, 39, 40, 41, 42, 43, 44])
   cláusula, ventana, fantasmas, λ que separan todos, λ que funcionan: (8, (0, 1, 0), 384, [13, 14, 15, 16, 17, 18, 19, 20, 32, 33, 34, 35, 36, 37, 38, 39, 40, 41, 42, 43, 44, 45], [17, 18, 19, 20, 21, 22, 23, 24, 25, 26, 27, 28, 29, 30, 31, 32, 33, 34, 35, 36, 37, 38, 39, 40, 41, 42, 43, 44])
   cláusula, ventana, fantasmas, λ que separan todos, λ que funcionan: (8, (0, 1, 1), 384, [13, 14, 15, 16, 17, 18, 19, 20, 32, 33, 34, 35, 36, 37, 38, 39, 40, 41, 42, 43, 44, 45], [17, 18, 19, 20, 21, 22, 23, 24, 25, 26, 27, 28, 29, 30, 31, 32, 33, 34, 35, 36, 37, 38, 39, 40, 41, 42, 43, 44])
   cláusula, ventana, fantasmas, λ que separan todos, λ que funcionan: (8, (1, 0, 0), 224, [13, 14, 15, 16, 17, 18, 19, 20, 32, 33, 34, 35, 36, 37, 38, 39, 40, 41, 42, 43, 44, 45], [17, 18, 19, 20, 21, 22, 23, 24, 25, 26, 27, 28, 29, 30, 31, 32, 33, 34, 35, 36, 37, 38, 39, 40, 41, 42, 43, 44])
