clause_mix_sep.cnf	orden=cadena	ventanas=104	extra0=104	extra1=0	extra2=0	extra3=0
chain4_cross.cnf	orden=cadena	ventanas=393	extra0=375	extra1=18	extra2=0	extra3=0
   cláusula 0 [(0, True), (2, True), (5, True)] ventana (0, 0, 1): 1 paso(s) más; bastan: ['x8', '¬x8', 'c2.1(x2)', 'c2.2(x8)', 'c3.0(¬x8)']
   cláusula 1 [(5, False), (4, True), (6, True)] ventana (0, 0, 1): 1 paso(s) más; bastan: ['x5', '¬x5', 'x8', '¬x8', 'x9', '¬x9', 'c2.1(x2)', 'c2.2(x8)', 'c3.0(¬x8)', 'c3.1(x4)', 'c3.2(x9)', 'final']
   cláusula 1 [(5, False), (4, True), (6, True)] ventana (0, 1, 1): 1 paso(s) más; bastan: ['x8', '¬x8', 'x9', '¬x9', 'c2.1(x2)', 'c2.2(x8)', 'c3.0(¬x8)', 'c3.1(x4)', 'c3.2(x9)', 'final']
   cláusula 1 [(5, False), (4, True), (6, True)] ventana (1, 0, 1): 1 paso(s) más; bastan: ['x8', '¬x8', 'x9', '¬x9', 'c2.1(x2)', 'c2.2(x8)', 'c3.0(¬x8)', 'c3.1(x4)', 'c3.2(x9)', 'final']
   cláusula 1 [(5, False), (4, True), (6, True)] ventana (1, 1, 1): 1 paso(s) más; bastan: ['x8', '¬x8', 'x9', '¬x9', 'c2.1(x2)', 'c2.2(x8)', 'c3.0(¬x8)', 'c3.1(x4)', 'c3.2(x9)', 'final']
   cláusula 0 [(0, True), (2, True), (5, True)] ventana (0, 1, 1): 1 paso(s) más; bastan: ['x8', '¬x8', 'c2.1(x2)', 'c2.2(x8)', 'c3.0(¬x8)']
parity_use.cnf	orden=cadena	ventanas=76	extra0=72	extra1=4	extra2=0	extra3=0
   cláusula 0 [(0, False), (2, False), (8, False)] ventana (0, 0, 1): 1 paso(s) más; bastan: ['x2', '¬x2', 'x5', '¬x5', 'x7', '¬x7', 'x8', '¬x8', 'c4.1(¬x5)', 'c4.2(¬x7)', 'c5.0(¬x9)', 'c5.1(x5)', 'c5.2(x7)', 'c6.0(x9)', 'c6.1(¬x5)', 'c6.2(x7)', 'c7.0(x9)', 'c7.1(x5)', 'c7.2(¬x7)', 'c8.0(x7)', 'c8.1(x2)', 'c8.2(x4)', 'final']
   cláusula 0 [(0, False), (2, False), (8, False)] ventana (0, 1, 0): 1 paso(s) más; bastan: ['x2', '¬x2', 'x5', '¬x5', 'x7', '¬x7', 'x8', '¬x8', 'c4.1(¬x5)', 'c4.2(¬x7)', 'c5.0(¬x9)', 'c5.1(x5)', 'c5.2(x7)', 'c6.0(x9)', 'c6.1(¬x5)', 'c6.2(x7)', 'c7.0(x9)', 'c7.1(x5)', 'c7.2(¬x7)', 'c8.0(x7)', 'c8.1(x2)', 'c8.2(x4)', 'final']
   cláusula 0 [(0, False), (2, False), (8, False)] ventana (1, 0, 0): 1 paso(s) más; bastan: ['x2', '¬x2', 'x5', '¬x5', 'x7', '¬x7', 'x8', '¬x8', 'c4.1(¬x5)', 'c4.2(¬x7)', 'c5.0(¬x9)', 'c5.1(x5)', 'c5.2(x7)', 'c6.0(x9)', 'c6.1(¬x5)', 'c6.2(x7)', 'c7.0(x9)', 'c7.1(x5)', 'c7.2(¬x7)', 'c8.0(x7)', 'c8.1(x2)', 'c8.2(x4)', 'final']
   cláusula 0 [(0, False), (2, False), (8, False)] ventana (1, 1, 1): 1 paso(s) más; bastan: ['x2', '¬x2', 'x5', '¬x5', 'x7', '¬x7', 'x8', '¬x8', 'c4.1(¬x5)', 'c4.2(¬x7)', 'c5.0(¬x9)', 'c5.1(x5)', 'c5.2(x7)', 'c6.0(x9)', 'c6.1(¬x5)', 'c6.2(x7)', 'c7.0(x9)', 'c7.1(x5)', 'c7.2(¬x7)', 'c8.0(x7)', 'c8.1(x2)', 'c8.2(x4)', 'final']
clause_mix_sep.cnf	orden=inversa	ventanas=105	extra0=105	extra1=0	extra2=0	extra3=0
chain4_cross.cnf	orden=inversa	ventanas=393	extra0=375	extra1=18	extra2=0	extra3=0
   cláusula 2 [(6, False), (1, True), (7, True)] ventana (1, 0, 1): 1 paso(s) más; bastan: ['x6', '¬x6', 'x7', '¬x7', 'c0.1(x3)', 'c0.2(x6)', 'c1.0(¬x6)', 'c1.1(x5)', 'c1.2(x7)', 'c2.0(¬x7)']
   cláusula 2 [(6, False), (1, True), (7, True)] ventana (1, 1, 1): 1 paso(s) más; bastan: ['x6', '¬x6', 'x7', '¬x7', 'c0.1(x3)', 'c0.2(x6)', 'c1.0(¬x6)', 'c1.1(x5)', 'c1.2(x7)', 'c2.0(¬x7)']
   cláusula 2 [(6, False), (1, True), (7, True)] ventana (1, 0, 1): 1 paso(s) más; bastan: ['x6', '¬x6', 'x7', '¬x7', 'c0.1(x3)', 'c0.2(x6)', 'c1.0(¬x6)', 'c1.1(x5)', 'c1.2(x7)', 'c2.0(¬x7)']
   cláusula 2 [(6, False), (1, True), (7, True)] ventana (1, 1, 1): 1 paso(s) más; bastan: ['x6', '¬x6', 'x7', '¬x7', 'c0.1(x3)', 'c0.2(x6)', 'c1.0(¬x6)', 'c1.1(x5)', 'c1.2(x7)', 'c2.0(¬x7)']
   cláusula 2 [(6, False), (1, True), (7, True)] ventana (1, 0, 1): 1 paso(s) más; bastan: ['x6', '¬x6', 'x7', '¬x7', 'c0.1(x3)', 'c0.2(x6)', 'c1.0(¬x6)', 'c1.1(x5)', 'c1.2(x7)', 'c2.0(¬x7)']
   cláusula 2 [(6, False), (1, True), (7, True)] ventana (1, 1, 1): 1 paso(s) más; bastan: ['x6', '¬x6', 'x7', '¬x7', 'c0.1(x3)', 'c0.2(x6)', 'c1.0(¬x6)', 'c1.1(x5)', 'c1.2(x7)', 'c2.0(¬x7)']
parity_use.cnf	orden=inversa	ventanas=175	extra0=168	extra1=7	extra2=0	extra3=0
   cláusula 8 [(6, True), (1, True), (3, True)] ventana (0, 0, 1): 1 paso(s) más; bastan: ['x9', '¬x9', 'fusión', 'c0.0(¬x1)', 'c0.1(¬x3)', 'c0.2(¬x9)', 'c1.0(¬x1)', 'c1.1(x3)', 'c1.2(x9)', 'c2.0(x1)', 'c2.1(¬x3)', 'c2.2(x9)', 'c3.0(x1)', 'c3.1(x3)', 'c3.2(¬x9)', 'c4.0(¬x9)', 'c4.1(¬x5)', 'c4.2(¬x7)', 'c5.0(¬x9)', 'c5.1(x5)', 'c5.2(x7)', 'c6.0(x9)', 'c6.1(¬x5)', 'c6.2(x7)', 'c7.0(x9)', 'c7.1(x5)', 'c7.2(¬x7)', 'c8.0(x7)']
   cláusula 8 [(6, True), (1, True), (3, True)] ventana (0, 1, 0): 1 paso(s) más; bastan: ['x9', '¬x9', 'fusión', 'c0.0(¬x1)', 'c0.1(¬x3)', 'c0.2(¬x9)', 'c1.0(¬x1)', 'c1.1(x3)', 'c1.2(x9)', 'c2.0(x1)', 'c2.1(¬x3)', 'c2.2(x9)', 'c3.0(x1)', 'c3.1(x3)', 'c3.2(¬x9)', 'c4.0(¬x9)', 'c4.1(¬x5)', 'c4.2(¬x7)', 'c5.0(¬x9)', 'c5.1(x5)', 'c5.2(x7)', 'c6.0(x9)', 'c6.1(¬x5)', 'c6.2(x7)', 'c7.0(x9)', 'c7.1(x5)', 'c7.2(¬x7)', 'c8.0(x7)']
   cláusula 8 [(6, True), (1, True), (3, True)] ventana (0, 1, 1): 1 paso(s) más; bastan: ['x9', '¬x9', 'fusión', 'c0.0(¬x1)', 'c0.1(¬x3)', 'c0.2(¬x9)', 'c1.0(¬x1)', 'c1.1(x3)', 'c1.2(x9)', 'c2.0(x1)', 'c2.1(¬x3)', 'c2.2(x9)', 'c3.0(x1)', 'c3.1(x3)', 'c3.2(¬x9)', 'c4.0(¬x9)', 'c4.1(¬x5)', 'c4.2(¬x7)', 'c5.0(¬x9)', 'c5.1(x5)', 'c5.2(x7)', 'c6.0(x9)', 'c6.1(¬x5)', 'c6.2(x7)', 'c7.0(x9)', 'c7.1(x5)', 'c7.2(¬x7)', 'c8.0(x7)']
   cláusula 8 [(6, True), (1, True), (3, True)] ventana (1, 0, 0): 1 paso(s) más; bastan: ['x9', '¬x9', 'fusión', 'c0.0(¬x1)', 'c0.1(¬x3)', 'c0.2(¬x9)', 'c1.0(¬x1)', 'c1.1(x3)', 'c1.2(x9)', 'c2.0(x1)', 'c2.1(¬x3)', 'c2.2(x9)', 'c3.0(x1)', 'c3.1(x3)', 'c3.2(¬x9)', 'c4.0(¬x9)', 'c4.1(¬x5)', 'c4.2(¬x7)', 'c5.0(¬x9)', 'c5.1(x5)', 'c5.2(x7)', 'c6.0(x9)', 'c6.1(¬x5)', 'c6.2(x7)', 'c7.0(x9)', 'c7.1(x5)', 'c7.2(¬x7)', 'c8.0(x7)']
   cláusula 8 [(6, True), (1, True), (3, True)] ventana (1, 0, 1): 1 paso(s) más; bastan: ['x9', '¬x9', 'fusión', 'c0.0(¬x1)', 'c0.1(¬x3)', 'c0.2(¬x9)', 'c1.0(¬x1)', 'c1.1(x3)', 'c1.2(x9)', 'c2.0(x1)', 'c2.1(¬x3)', 'c2.2(x9)', 'c3.0(x1)', 'c3.1(x3)', 'c3.2(¬x9)', 'c4.0(¬x9)', 'c4.1(¬x5)', 'c4.2(¬x7)', 'c5.0(¬x9)', 'c5.1(x5)', 'c5.2(x7)', 'c6.0(x9)', 'c6.1(¬x5)', 'c6.2(x7)', 'c7.0(x9)', 'c7.1(x5)', 'c7.2(¬x7)', 'c8.0(x7)']
   cláusula 8 [(6, True), (1, True), (3, True)] ventana (1, 1, 0): 1 paso(s) más; bastan: ['x9', '¬x9', 'fusión', 'c0.0(¬x1)', 'c0.1(¬x3)', 'c0.2(¬x9)', 'c1.0(¬x1)', 'c1.1(x3)', 'c1.2(x9)', 'c2.0(x1)', 'c2.1(¬x3)', 'c2.2(x9)', 'c3.0(x1)', 'c3.1(x3)', 'c3.2(¬x9)', 'c4.0(¬x9)', 'c4.1(¬x5)', 'c4.2(¬x7)', 'c5.0(¬x9)', 'c5.1(x5)', 'c5.2(x7)', 'c6.0(x9)', 'c6.1(¬x5)', 'c6.2(x7)', 'c7.0(x9)', 'c7.1(x5)', 'c7.2(¬x7)', 'c8.0(x7)']
